[{"key": "https://www.instagram.com/p/CFkq6biCH4y/", "caption": "Photo by tangerine on September 25, 2020. 이미지: 사람 1명.", "img_url": "https://scontent-ssn1-1.cdninstagram.com/v/t51.2885-15/sh0.08/e35/s640x640/120093264_387046779331444_2945981044147442560_n.jpg?_nc_ht=scontent-ssn1-1.cdninstagram.com&_nc_cat=104&_nc_ohc=081d_NIWfLIAX_QpRPO&oh=dfb7143c99019dd5a8b41f574ff664f5&oe=5F99491C"}, {"key": "https://www.instagram.com/p/CFhjlpGKqZP/", "caption": "The most adorable puppy stretches on today’s #throwbackthursday 😭😭😭 ⠀\n⠀\n•⠀\n•⠀\n•⠀\n⠀\n#dogyoga #italiangreyhoundpuppy #welpenliebe #dogphotos #italienskmynde #sleepypuppy #italiansighthound #greyhoundlove #galgoitaliano #sighthound #itsadogslife #longdog #bestwoof10k #dogsoftheworld #italienischeswindspiel #prettydog #theinstasighthound #italiangreyhound #iggy #iggysofinstagram  #iggiesofinstagram #iggylove #iggylife #italienischeswindspiel #iggiesoftheworld #galgolovers #dogsofinstagram #puppyeyes #stretching", "img_url": "https://scontent-ssn1-1.cdninstagram.com/v/t51.2885-15/sh0.08/e35/c0.90.720.720a/s640x640/120202600_162857785461276_731043097636374441_n.jpg?_nc_ht=scontent-ssn1-1.cdninstagram.com&_nc_cat=100&_nc_ohc=cwu_2TDJlOQAX8oerqo&oh=2c4c0b9cbd6693ca179e983e2e333c95&oe=5F7215CB"}, {"key": "https://www.instagram.com/p/CFkW_eFMUEe/", "caption": "Photo by tika the iggy in Montreal, Quebec with @tikatheiggy. 이미지: 개, 실내.", "img_url": "https://scontent-ssn1-1.cdninstagram.com/v/t51.2885-15/sh0.08/e35/s640x640/120140321_822368485247590_5099939127840722835_n.jpg?_nc_ht=scontent-ssn1-1.cdninstagram.com&_nc_cat=110&_nc_ohc=qw4uliY3g0MAX-cMsX_&oh=59ad2f8821937d58b784210e1c94453b&oe=5F987AF7"}, {"key": "https://www.instagram.com/p/CFmRFP-hgr6/", "caption": "Photo by Italiangreyhound.Clea in Marina Di Pietrasanta, Toscana, Italy. 이미지: 서 있는 사람들, 바다, 하늘, 해변, 실외.", "img_url": "https://scontent-ssn1-1.cdninstagram.com/v/t51.2885-15/sh0.08/e35/s640x640/120092839_1013069792488353_3522295543727874798_n.jpg?_nc_ht=scontent-ssn1-1.cdninstagram.com&_nc_cat=109&_nc_ohc=giNCxod7SvMAX84YUVt&oh=2b1c1a99455d1ac85c1d22566e405889&oe=5F9AC772"}, {"key": "https://www.instagram.com/p/CFl1QfSBryG/", "caption": "Photo by Iggypearllondon in London, United Kingdom with @dogsofinstagram, @italian_greyhound_, @bestwoof, @dogsofinstaworld, @londonsbest, @rebeldawgshop, @iggiesoftheworld, @londonstreetphotofestival, @iggypearllondon, @topdogsoflondon, @wooferlondon, @dogstagramdog, @dogsoflondonx, and @thatsoiggy. 이미지: 식물, 개, 실외, 문구: 'NO PARKING'.", "img_url": "https://scontent-ssn1-1.cdninstagram.com/v/t51.2885-15/sh0.08/e35/s640x640/120194412_616808692331530_2277894269749932305_n.jpg?_nc_ht=scontent-ssn1-1.cdninstagram.com&_nc_cat=110&_nc_ohc=Zx_LtkaaQ4IAX90v04H&oh=bf9d887875d283ef6600838fc44a9ad4&oe=5F97E2D0"}, {"key": "https://www.instagram.com/p/CFkKA_XhvpR/", "caption": "Photo by IGGY NELLO in Munich, Germany. 이미지: 개, 실외.", "img_url": "https://scontent-ssn1-1.cdninstagram.com/v/t51.2885-15/sh0.08/e35/c0.175.1400.1400a/s640x640/120112121_385670269113346_1493045441035500364_n.jpg?_nc_ht=scontent-ssn1-1.cdninstagram.com&_nc_cat=110&_nc_ohc=CdSAlGxGM3oAX--fgK0&oh=4b4dfebeb179f11eb1e61feaeef213b8&oe=5F9B18A1"}, {"key": "https://www.instagram.com/p/CFhnuwLg7Hp/", "caption": "Photo by Pet Rescue Pilots - 501c3 in Hillsboro, Oregon with @ofosa, @pilotjulianj, and @rsq209. 이미지: 사람 1명 이상, 실외.", "img_url": "https://scontent-ssn1-1.cdninstagram.com/v/t51.2885-15/sh0.08/e35/s640x640/120081897_3323519714363178_7672134486759641083_n.jpg?_nc_ht=scontent-ssn1-1.cdninstagram.com&_nc_cat=106&_nc_ohc=PwoWOo31QQEAX9s6mKP&oh=233df50899f38f1a9326a71d4afebd91&oe=5F9AE014"}, {"key": "https://www.instagram.com/p/CFmkh8Enx7E/", "caption": "Photo by 게으른 달구네 on September 26, 2020. 이미지: 개.", "img_url": "https://scontent-ssn1-1.cdninstagram.com/v/t51.2885-15/sh0.08/e35/c0.180.1440.1440a/s640x640/120156464_215714843537862_8498764709050401691_n.jpg?_nc_ht=scontent-ssn1-1.cdninstagram.com&_nc_cat=106&_nc_ohc=1cKV-gULQgkAX8sJlUl&oh=217959e45ebb4934955c626f63a4e5a6&oe=5F98EE44"}, {"key": "https://www.instagram.com/p/CFmSmSzDhax/", "caption": "Photo by camila militão in Beira Mar de Fortaleza with @jojofininha. 이미지: 개, 하늘, 구름, 실외.", "img_url": "https://scontent-ssn1-1.cdninstagram.com/v/t51.2885-15/sh0.08/e35/c0.180.1440.1440a/s640x640/120200834_1632788910227994_4303075303647190329_n.jpg?_nc_ht=scontent-ssn1-1.cdninstagram.com&_nc_cat=106&_nc_ohc=fgs2umWZYDUAX_c9fcd&oh=211f5ee46e38c2515925a5214b71f848&oe=5F99FBD8"}, {"key": "https://www.instagram.com/p/CFnievplW70/", "caption": "Photo by Britt Farrar on September 26, 2020. 사진 설명이 없습니다..", "img_url": "https://scontent-ssn1-1.cdninstagram.com/v/t51.2885-15/sh0.08/e35/s640x640/120276630_658535975084797_8261201042486348151_n.jpg?_nc_ht=scontent-ssn1-1.cdninstagram.com&_nc_cat=101&_nc_ohc=6YyeI4UB_7MAX9RMGzf&oh=59356274d48b989010fd16700b7ed525&oe=5F989229"}, {"key": "https://www.instagram.com/p/CFniaI_FVsd/", "caption": "Photo by Joanna on September 26, 2020. 이미지: 개.", "img_url": "https://scontent-ssn1-1.cdninstagram.com/v/t51.2885-15/sh0.08/e35/s640x640/120200443_328587255101736_6254599573315481897_n.jpg?_nc_ht=scontent-ssn1-1.cdninstagram.com&_nc_cat=100&_nc_ohc=aGrmdILFVpkAX9tCBR3&oh=7895130c74374b2fa7dfc20529aef2ab&oe=5F98FCE1"}, {"key": "https://www.instagram.com/p/CFniYXIBe-I/", "caption": "Photo by Fry🤙🏽🐾 on September 26, 2020. 이미지: 개.", "img_url": "https://scontent-ssn1-1.cdninstagram.com/v/t51.2885-15/sh0.08/e35/c0.180.1440.1440a/s640x640/120203056_699502974243896_713231216974097536_n.jpg?_nc_ht=scontent-ssn1-1.cdninstagram.com&_nc_cat=108&_nc_ohc=cdeXXoJyG2EAX_hhd29&oh=7a4cc5ff033417fccffe932238b17d3f&oe=5F9796F4"}, {"key": "https://www.instagram.com/p/CFniWqnji5t/", "caption": "Photo by 밤비따라 on September 26, 2020. 이미지: 사람 1명 이상, 실외, 자연.", "img_url": "https://scontent-ssn1-1.cdninstagram.com/v/t51.2885-15/e35/120262320_1108152449649453_8433442582729034419_n.jpg?_nc_ht=scontent-ssn1-1.cdninstagram.com&_nc_cat=109&_nc_ohc=xJatdnvTPVoAX9NfUqs&_nc_tp=18&oh=0f1b2d64235f731ef92e36214e230407&oe=5F9819B8"}, {"key": "https://www.instagram.com/p/CFniHXwhxOp/", "caption": "Photo by OLIVER (ollie) on September 26, 2020. 이미지: 개.", "img_url": "https://scontent-ssn1-1.cdninstagram.com/v/t51.2885-15/sh0.08/e35/s640x640/120136532_332134838067585_729812593660279487_n.jpg?_nc_ht=scontent-ssn1-1.cdninstagram.com&_nc_cat=109&_nc_ohc=T0hOMGAuTHUAX_xPRtb&oh=9058567d6281b2bc1327d0344e4e46d5&oe=5F9AAE2E"}, {"key": "https://www.instagram.com/p/CFnh6iNH71a/", "caption": "깜지&쭈리의 멍디다스 착용사진💓\n중간길이의 크롭을 원하셔서\n기존 크롭보다는 조금 길게\n제작해드렸어요~~\n기다려주셔서 감사합니다😊\n.\n.\n.\n✔톰제리메이드 모든 제품은💯% 핸드메이드입니다\n✔타 견종 주문 제작 가능합니다🐶\n✔스토어팜 찜+소식알림OR 재이용시 할인쿠폰 발급해드려요\n.\n.\n.\n#톰제리메이드 #아이쥐옷 #미니핀옷\n#이탈리안그레이하운드옷 #휘핏옷 #푸들옷\n#휘핏 #이탈리안그레이하운드전용옷 #이탈리안그레이하운드의류 #아이쥐의류 #아이쥐 #애견옷 #강아지옷  #강아지옷브랜드 #애견옷브랜드 #핸드메이드애견의류 #애견맞춤옷 #멍디다스 #강아지여름옷#강아지겨울옷 #iggy #iggyclothes #iggyclothing#tomjerrymade #italiangreyhound #italiangreyhoundclothing #handmadedogwear #dogstyle #dogootd #whipet", "img_url": "https://scontent-ssn1-1.cdninstagram.com/v/t51.2885-15/e35/120295530_203995101278875_9116550310167683664_n.jpg?_nc_ht=scontent-ssn1-1.cdninstagram.com&_nc_cat=107&_nc_ohc=YpMHHmJUHT4AX-i1V5M&_nc_tp=18&oh=3b9c0de324e814c0fa150e3ed5fb7408&oe=5F71C8B8"}, {"key": "https://www.instagram.com/p/CFngxcQqngD/", "caption": "Photo by Giotto on September 26, 2020. 이미지: 개.", "img_url": "https://scontent-ssn1-1.cdninstagram.com/v/t51.2885-15/sh0.08/e35/s640x640/120143814_340313803872539_6533909165776454810_n.jpg?_nc_ht=scontent-ssn1-1.cdninstagram.com&_nc_cat=111&_nc_ohc=6PbhrRBSNREAX8Xe3Yr&oh=1c02d3c4b207dbb51301dc3410cf9296&oe=5F9AE1EB"}, {"key": "https://www.instagram.com/p/CFngnaKB_7K/", "caption": "Photo shared by Edith on September 26, 2020 tagging @italian_greyhound_, and @_dog_lover_dog_. 이미지: 개, 실내.", "img_url": "https://scontent-ssn1-1.cdninstagram.com/v/t51.2885-15/sh0.08/e35/s640x640/120203052_2716749418572436_7550245145192529352_n.jpg?_nc_ht=scontent-ssn1-1.cdninstagram.com&_nc_cat=104&_nc_ohc=hV1irfbD0AUAX-XBXft&oh=b1e3d0dcf59c24df41b2d8adbd41ff42&oe=5F995BA3"}, {"key": "https://www.instagram.com/p/CFne8ezjZco/", "caption": "Photo by pchan on September 26, 2020. 이미지: 개, 실외.", "img_url": "https://scontent-ssn1-1.cdninstagram.com/v/t51.2885-15/sh0.08/e35/c0.180.1440.1440a/s640x640/120078458_222020495940316_274921615017561004_n.jpg?_nc_ht=scontent-ssn1-1.cdninstagram.com&_nc_cat=104&_nc_ohc=VqG_5vHS1t8AX-whOds&oh=82a9debfc5fe3925d8d48e1aa28c1a02&oe=5F9811DD"}, {"key": "https://www.instagram.com/p/CFne5vbBI83/", "caption": "Photo by CASPER LOU in Beverly Hills, California. 이미지: 개, 거실, 실내.", "img_url": "https://scontent-ssn1-1.cdninstagram.com/v/t51.2885-15/sh0.08/e35/c0.180.1440.1440a/s640x640/120198495_622063168677844_7491420248355755405_n.jpg?_nc_ht=scontent-ssn1-1.cdninstagram.com&_nc_cat=104&_nc_ohc=YxGYzHUPfp8AX9ZH2Pb&oh=32612c9939a2ec42dc4014cab0a70ed8&oe=5F97D0CB"}, {"key": "https://www.instagram.com/p/CFnerD3hv-B/", "caption": "Photo by Gianluigi (gigi) in Canine Cup with @freedomhillsanctuary, @fluffandstuffpetphotography, and @caninecup. 이미지: 풀밭, 실외.", "img_url": "https://scontent-ssn1-1.cdninstagram.com/v/t51.2885-15/sh0.08/e35/c187.0.749.749a/s640x640/120191752_131427818667561_7035844637825970179_n.jpg?_nc_ht=scontent-ssn1-1.cdninstagram.com&_nc_cat=109&_nc_ohc=4DfcmO_h2dwAX-Oh_Qs&oh=9b0e633222ba08d4d2a44f2a714ef198&oe=5F978F92"}, {"key": "https://www.instagram.com/p/CFndkaLhT7c/", "caption": "Photo by Winston 🐕 in Lawrence, Kansas. 이미지: 개, 풀밭, 실외, 자연.", "img_url": "https://scontent-ssn1-1.cdninstagram.com/v/t51.2885-15/sh0.08/e35/c180.0.1079.1079a/s640x640/120141576_791496998309616_3881522971936003010_n.jpg?_nc_ht=scontent-ssn1-1.cdninstagram.com&_nc_cat=100&_nc_ohc=vwj7-FQmKqYAX8ZkrZI&oh=05264426b4529f88cf97fe21a476f045&oe=5F9B016C"}, {"key": "https://www.instagram.com/p/CFndiOUByGF/", "caption": "Photo by Astro The Grey Doge on September 26, 2020. 이미지: 사람 1명 이상, 개.", "img_url": "https://scontent-ssn1-1.cdninstagram.com/v/t51.2885-15/sh0.08/e35/s640x640/120165405_773118360199287_6467940911765092938_n.jpg?_nc_ht=scontent-ssn1-1.cdninstagram.com&_nc_cat=103&_nc_ohc=L_Eh93I8FDUAX_qdn15&oh=6c13b76b06a47d25a427519906a082a8&oe=5F9B3C58"}, {"key": "https://www.instagram.com/p/CFndKQbhIO-/", "caption": "Photo by いちひめになすび on September 26, 2020. 이미지: 개.", "img_url": "https://scontent-ssn1-1.cdninstagram.com/v/t51.2885-15/sh0.08/e35/c0.135.1080.1080a/s640x640/120095550_883892842017487_5874840562841906716_n.jpg?_nc_ht=scontent-ssn1-1.cdninstagram.com&_nc_cat=107&_nc_ohc=AOCofCFDaccAX-blhFy&oh=926e1a88baa77654e13cf86a5e70e87f&oe=5F9AFFA5"}, {"key": "https://www.instagram.com/p/CFndAGKhDJX/", "caption": "Photo shared by う八 on September 26, 2020 tagging @tiara.lucia. 사진 설명이 없습니다..", "img_url": "https://scontent-ssn1-1.cdninstagram.com/v/t51.2885-15/sh0.08/e35/c0.135.1080.1080a/s640x640/120194415_610457389649382_7128308220736396181_n.jpg?_nc_ht=scontent-ssn1-1.cdninstagram.com&_nc_cat=106&_nc_ohc=W7wsxd7pgI0AX8yM8XJ&oh=86c1c7d43fcecbe5602244b94f085e61&oe=5F97C43B"}, {"key": "https://www.instagram.com/p/CFncl5Bja3o/", "caption": "asap in da back #playboicarti #asaprocky", "img_url": "https://scontent-ssn1-1.cdninstagram.com/v/t51.2885-15/sh0.08/e35/c0.82.720.720a/s640x640/120200841_196659108515787_4343378755917929953_n.jpg?_nc_ht=scontent-ssn1-1.cdninstagram.com&_nc_cat=103&_nc_ohc=6zPeq10reckAX-bZLbh&oh=1b2ea490d45b286d5d7346b3a9f468ec&oe=5F720BDD"}, {"key": "https://www.instagram.com/p/CFncZzeht9y/", "caption": "Photo by Reggie, Ralph And Reba on September 26, 2020. 이미지: 개, 침실, 실내.", "img_url": "https://scontent-ssn1-1.cdninstagram.com/v/t51.2885-15/sh0.08/e35/c180.0.1080.1080a/s640x640/120303696_111501960607841_6085921519770859427_n.jpg?_nc_ht=scontent-ssn1-1.cdninstagram.com&_nc_cat=105&_nc_ohc=EIBNfBKrWgwAX_NxHHD&oh=ebabcfdc4bafb070209b6f9b594ea007&oe=5F99FC29"}, {"key": "https://www.instagram.com/p/CFncTSkHGxa/", "caption": "Photo by Iggy on September 26, 2020. 사진 설명이 없습니다..", "img_url": "https://scontent-ssn1-1.cdninstagram.com/v/t51.2885-15/sh0.08/e35/s640x640/120281016_245510156888534_699666082423711922_n.jpg?_nc_ht=scontent-ssn1-1.cdninstagram.com&_nc_cat=102&_nc_ohc=RVWNl3mFlysAX_EWWux&oh=f1be5ac26e41fb888c7d85b5e5474368&oe=5F9B3543"}, {"key": "https://www.instagram.com/p/CFncBsDh06a/", "caption": "Photo by Ayda, Zeek and Hazel on September 26, 2020. 이미지: 개, 실내.", "img_url": "https://scontent-ssn1-1.cdninstagram.com/v/t51.2885-15/sh0.08/e35/s640x640/120214415_3633030980080878_8629763773977227658_n.jpg?_nc_ht=scontent-ssn1-1.cdninstagram.com&_nc_cat=106&_nc_ohc=4JWF-s52YpIAX8kYEsl&oh=ec7e948562d9b6b47561fcdee8bf4856&oe=5F98746C"}, {"key": "https://www.instagram.com/p/CFnb-QNnQPs/", "caption": "Photo by CARMEN JOESTAR. - 🌟🖌️ in Cairo, Egypt. 사진 설명이 없습니다..", "img_url": "https://scontent-ssn1-1.cdninstagram.com/v/t51.2885-15/e35/c227.0.626.626a/120201355_801982317240335_5495436850008906576_n.jpg?_nc_ht=scontent-ssn1-1.cdninstagram.com&_nc_cat=111&_nc_ohc=hX-gt0wq6mcAX9J6AOu&oh=487f2fbe3aed4855f878eb9c33bdbc51&oe=5F988360"}, {"key": "https://www.instagram.com/p/CFnb6vRDLvh/", "caption": "#playboicarti #playboi #carti #jordancarter #cartiedits #cartileaks #dielit #liluzivert #meh #memes #explore #exploremore #viral #explorepage #wlr #wholelottared #opium #iggyazalea #iggy #playboicartishow #playboicartilive #lilyachty #rappers #vlonejacket #skepta #iggyedits #edits #red", "img_url": "https://scontent-ssn1-1.cdninstagram.com/v/t51.2885-15/sh0.08/e35/s640x640/120202235_1116687885454744_3002541191984338267_n.jpg?_nc_ht=scontent-ssn1-1.cdninstagram.com&_nc_cat=104&_nc_ohc=Ge9PEr_g_hQAX9LlUvO&oh=cad8e8191b014e4ef57151e66c479351&oe=5F9935C0"}]