[{"key": "https://www.instagram.com/p/CFl0RmvnPNm/", "caption": "‌‌‌\n🔻Jack Hatton 🇺🇸💪🔥\n👉 One year ago the judo community lost a rising star and a precious elite American champion. Jack Hatton was so young, talented, had so much left to accomplish and dreams to live out\n👉 He passed away in September 2019, 24 years young\n👉 Double Tap Foot Sweep ©️ FUJI Sports\n👉 American judoka Jack Hatton took silver at the Grand Prix in Antalya in 2018. He captured a bronze medal at the Grand Prix in Zagreb in 2017. He won the Pan American Open in San Salvador and Santiago in 2017. He was US junior champion in 2013 and took bronze at senior level in 2013 and 2015. He clinched a bronze medal at the Pan American Championship in 2019 in Lima\n..........................\n🔰 Follow for more videos & pictures👇\n↪️ @judoselfdefense\n🔰 Telegram Channel👇\n↪️ @alirezakhanijudoschool\n🔰 Regrann from👇\n↪️ @_jackhatton\n.........................‌\n#judo #judoiran #judoSouthKorea #judoka #judovideo #judogirl #judogi #tatami #instajudo #judolovers #judolife #judolifestyle #judomylove #judomylife #judomyworld #judogallery #judofamily #judothrow #judotraining #judotop #judobest #judoworld #ilovejudo #nagekomis #olympic #judoselfdefense #alirezakhanijudoschool #judorussia #جودو #ایران", "img_url": "https://scontent-ssn1-1.cdninstagram.com/v/t51.2885-15/sh0.08/e35/s640x640/120100626_3287784787984629_1955012816888963601_n.jpg?_nc_ht=scontent-ssn1-1.cdninstagram.com&_nc_cat=109&_nc_ohc=b3_1qwjCeHsAX9UIEP3&oh=e036c05ac78614b0c1f356c646df1e95&oe=5F71F882"}, {"key": "https://www.instagram.com/p/CFmyR0lHKEO/", "caption": "Great Ura Nage from Nagayama 🇯🇵🚀🔥\nСудьи отменили Иппон 🤔согласны с ними?👇\nIppon or wazari? \n______________________________________________\n#judo #judomylife #judoippon #judoka #judô #judovine #judolife #броски #judo2020 #judotime", "img_url": "https://scontent-ssn1-1.cdninstagram.com/v/t51.2885-15/sh0.08/e35/s640x640/120153941_346061726630241_749593103886980813_n.jpg?_nc_ht=scontent-ssn1-1.cdninstagram.com&_nc_cat=109&_nc_ohc=i4m3wv71EAkAX-JJb4e&oh=9e7acd3490830700eeed32b4669bbf8f&oe=5F7264D6"}, {"key": "https://www.instagram.com/p/CFkwBCgioLG/", "caption": "Photo by FIGHT LIKE A GIRL 🥊 in Curitiba, Brazil with @mirelabjj13. 이미지: 사람 1명, 서 있음.", "img_url": "https://scontent-ssn1-1.cdninstagram.com/v/t51.2885-15/sh0.08/e35/s640x640/120077927_178673863840056_6239753684296011262_n.jpg?_nc_ht=scontent-ssn1-1.cdninstagram.com&_nc_cat=100&_nc_ohc=jy_4ejSzanUAX9Q6pK3&oh=266bbdbf542ddbc132f0a27c86fa69e3&oe=5F9A372A"}, {"key": "https://www.instagram.com/p/CFmTm3kpb72/", "caption": "Photo by BIG FISH BOXING in New York City, N.Y.. 이미지: 사람 3명, 서 있는 사람들.", "img_url": "https://scontent-ssn1-1.cdninstagram.com/v/t51.2885-15/sh0.08/e35/c0.115.934.934a/s640x640/120110003_381239736375900_5240208604790992069_n.jpg?_nc_ht=scontent-ssn1-1.cdninstagram.com&_nc_cat=1&_nc_ohc=PCfULOXrVS0AX_a_upC&oh=7482de238e94a214f4bff1be0ba40e8e&oe=5F995524"}, {"key": "https://www.instagram.com/p/CFmzrSbp8NE/", "caption": "Mini @brucelee\nComment below what do you think 👇👇\n.\n*Repost by @ryusei416japan\n⚊⚊⚊⚊⚊⚊⚊⚊⚊⚊⚊\nDOUBLE TAP IF YOU LIKE IT 💕\n⚊⚊⚊⚊⚊⚊⚊⚊⚊⚊⚊\nDO you love aikido?🔥\n.\n.\n.\n⚊⚊⚊⚊⚊⚊⚊⚊⚊⚊⚊ 🔥💥\nFollow @aikido_pictures_ for more\nFollow @aikido_pictures_ for more\nFollow @aikido_pictures_ for more ⚊⚊⚊⚊⚊⚊⚊⚊⚊⚊⚊ 🔥💥\n.\n.\n.\n#合気道 #aikido #aikidoka #aikidokids #aikidolife #aikidopictures2 #martialarts #martialart #karate #muaythai #kendo #kravmaga #judo #taekwondo #jiujitsu #ninjitsu #kendo", "img_url": "https://scontent-ssn1-1.cdninstagram.com/v/t51.2885-15/e35/120164074_789698108529524_6736324516099214790_n.jpg?_nc_ht=scontent-ssn1-1.cdninstagram.com&_nc_cat=1&_nc_ohc=BG-b96ZBHwkAX8TA4cn&_nc_tp=18&oh=a366f2c5f3f013b35cf53f3eba2fb9af&oe=5F7232A2"}, {"key": "https://www.instagram.com/p/CFkYKUKhsuD/", "caption": "@gviniashvilibeqa 👑🐅\n\nFollow: @judo_ippon_throws #judokids #judô #judoca #judogirls #judoteam #judovideo #judolifestyle #judo #judofamily #judokas #judolove #judotraining #judoinfantil #judoka #judobrasil #judomylife #judothrow #judogirl #judogi #judolife #judoworld #judovine, @gviniashvilibeqa", "img_url": "https://scontent-ssn1-1.cdninstagram.com/v/t51.2885-15/e35/120087717_119940892996111_4581555263678515054_n.jpg?_nc_ht=scontent-ssn1-1.cdninstagram.com&_nc_cat=107&_nc_ohc=LoJnUg1vGKgAX-qR_TD&_nc_tp=18&oh=988e0f10bb3aef63471fd256c8fa84fc&oe=5F71E1B9"}, {"key": "https://www.instagram.com/p/CFmhA_Spyud/", "caption": "Photo shared by Aikido & Martial Arts Pictures on September 26, 2020 tagging @_zottova_, and @martialarts__videos. 이미지: 사람 1명, 서 있음.", "img_url": "https://scontent-ssn1-1.cdninstagram.com/v/t51.2885-15/sh0.08/e35/c0.135.1080.1080a/s640x640/120161043_332520948072209_5553265959856553859_n.jpg?_nc_ht=scontent-ssn1-1.cdninstagram.com&_nc_cat=1&_nc_ohc=5nHac2kAM6kAX_jNwKs&oh=e8ee422d6aeb3275bd91edfa7bd2607e&oe=5F987E41"}, {"key": "https://www.instagram.com/p/CFlzffOKQCL/", "caption": "🔥🔥🔥 Бросок двойным подбивом, или «фронтальные ножницы», от нашего спортсмена Арсения 👍💪🔥🤼‍♂️🤼‍♀️ There’s a variation of Kani basami by our wrestler Arsenii 🔥🔥🔥 #самбо#дзюдо#джиуджитсу#бжж#боевоесамбо#мма#борьба#бросок#бросокдвойнымподбивом#ножницы#бросокножницы#самбоблог#тренировка#подготовка#школасамбо#динамо#спортивныйклуб#скпреодоление#самбодлявзрослых#самбодляначинающих#самбомосква#sambo#judo#jiujitsu#bjj#combatsambo#mma#wrestling#kanibasami#moscow", "img_url": "https://scontent-ssn1-1.cdninstagram.com/v/t51.2885-15/sh0.08/e35/s640x640/120115597_193567472173096_3537548033490379778_n.jpg?_nc_ht=scontent-ssn1-1.cdninstagram.com&_nc_cat=104&_nc_ohc=RHXYN8xbM3kAX9IMD6B&oh=43beeb71b45bbaff5d7decfc291704ad&oe=5F721BFD"}, {"key": "https://www.instagram.com/p/CFl01FYJlDk/", "caption": "Все твои умение,проделанные работы ни что,если ты не используешь их в реализации🔥👊\n\nVideo from ©️ @judo.best.throws \n\n.\n#judo#judoka#judostyle#judolive#judorussia#judofamily#judoippon#ippon#wazari#bjj#judokids#judotraining#judojapan#japan#japanese#italy#judolove#judoteam#judovine#judovideo#judomylife#judothrow#judoworld#power#judopower#judolifestyle#judoitalia#judoworlds#judogallery#judo2020 @mihrac_akkus_60", "img_url": "https://scontent-ssn1-1.cdninstagram.com/v/t51.2885-15/e35/120130030_638818660089258_8847549513084164525_n.jpg?_nc_ht=scontent-ssn1-1.cdninstagram.com&_nc_cat=106&_nc_ohc=uzrPrhJIXZUAX8WjNbF&_nc_tp=18&oh=fcf89856da51dc79a29e2fae9fd192af&oe=5F71CD3E"}, {"key": "https://www.instagram.com/p/CFninnLFHQN/", "caption": "Photo by NLS SPORTSWEAR in Sialkot, Punjab. 이미지: 신발.", "img_url": "https://scontent-ssn1-1.cdninstagram.com/v/t51.2885-15/e35/120142317_102175234959198_3683092538260261962_n.jpg?_nc_ht=scontent-ssn1-1.cdninstagram.com&_nc_cat=106&_nc_ohc=G4GvyUyYPXIAX963ih5&_nc_tp=18&oh=28aae76a1352fd0109dca550a116de96&oe=5F99571D"}, {"key": "https://www.instagram.com/p/CFniefBpte6/", "caption": "@stylebender un guerrero con más de 100 peleas en total que siempre deja todo en el octágono 👊🏽\n•\n•\n•\n #mma #sports #news #motivation #respect #wrestling #box #mexicanstyle #muaythai #jiujitsu #martialarts #picoftheday  #gym #workout #ufc #bellator #fight #Mexico #fitness #boxeo #training #taekwondo #knockout  #judo #karate  #lifestyle #mixedmartialarts", "img_url": "https://scontent-ssn1-1.cdninstagram.com/v/t51.2885-15/e35/120174586_354359389254032_7458520251472921403_n.jpg?_nc_ht=scontent-ssn1-1.cdninstagram.com&_nc_cat=108&_nc_ohc=HzdFDB1n47EAX8MwEue&_nc_tp=18&oh=51595b3736da8a351343073bf140b5aa&oe=5F724541"}, {"key": "https://www.instagram.com/p/CFniZ8FFNfY/", "caption": "Krav Maga is a system of evolution! We must adapt and make changes based on the ever evolving world around us. And though the objective of violence hasn’t changed since the beginning of time, the application of it has! AND we are backing it all up with psychology too! So here’s an OLD gun threat defense that you SHOULD NOT DO anymore! And if your instructor is still teaching it, I’ll bet a lot of their Krav Maga is out of date too!  If that’s the case... come see me! ⁣\n.⁣\n.⁣\n.⁣\n.⁣\n.⁣\n#kravmagalifestyle #tactical #blackbelt #muaythai #combattraining #martialartist #judo #fullcontact #selfdefense #kravmagatraining #weaponstraining #kravmagainstructor #kravmagaglobal #mma #kravmagaexperts #martialartslife #kravmagakids #kravmaga #kravmagaalliance #jiujitsu #kravmagaworldwide #vanguardkravmaga #fitness #kravmagagirl #boxing #invictusfightingsystem #invictusarmy  #becomeinvictus", "img_url": "https://scontent-ssn1-1.cdninstagram.com/v/t51.2885-15/e35/c0.236.607.607a/120138996_556466121770487_7015027842430825460_n.jpg?_nc_ht=scontent-ssn1-1.cdninstagram.com&_nc_cat=103&_nc_ohc=XqeArS4Y6IQAX-Wrpxk&oh=f5c5546530a5fa80fe13279a90ba57ab&oe=5F71E121"}, {"key": "https://www.instagram.com/p/CFniTa4gSwk/", "caption": "Photo by Ricky Mahtang in Abu Dhabi, United Arab Emirates. 이미지: 사람 6명, 문구: 'ESPi12 & ESPT+ PRELIMS 8P 8pET RIDDELL DA SILVA LIGHTWEIGHT BOUT SANCHEZ SANGHEZMATTEWS WELTERWEIGHT BOUT YOUNG KLEIN FEATHERWEIGHT BOUT UFC FIGHTPASS PRELIMS 7p ET KNIGHT VS CAMUR LIGHT HEAVYWEIGHT SOUT O ESPINO VS HUGHES HEAYYWEIGHT BOUT PRESENTED BY THORNE IBRAGIMOV MARQUES LIGHT HEAYYWEIGHT BOUT SEP 26 SAT'.", "img_url": "https://scontent-ssn1-1.cdninstagram.com/v/t51.2885-15/e35/c252.0.576.576a/120135818_351552135965544_2417968591081976085_n.jpg?_nc_ht=scontent-ssn1-1.cdninstagram.com&_nc_cat=100&_nc_ohc=uj2ZfGZcabQAX--J-ww&oh=f2c747646776101e7a19078ba3b5ef3a&oe=5F98958A"}, {"key": "https://www.instagram.com/p/CFniSlBJQ1G/", "caption": "Photo shared by Wagner Santos on September 26, 2020 tagging @jiujitsubrasiloficial, @koralfightco, @jiujitsu_brasil, @g.rock7, @jiulife, @jiu_jitsu_lifestyle, @_fernandophotos_, @jiujitsuviciado, and @jiujitsuroosters. 이미지: 사람 1명, 무대 위.", "img_url": "https://scontent-ssn1-1.cdninstagram.com/v/t51.2885-15/sh0.08/e35/s640x640/120132644_2124024327742610_1435470301714102851_n.jpg?_nc_ht=scontent-ssn1-1.cdninstagram.com&_nc_cat=102&_nc_ohc=_B8__Jn1BUMAX8RPfUm&oh=77ef18e6cb86a432ccf9ff7211dc7dfd&oe=5F97B888"}, {"key": "https://www.instagram.com/p/CFnhbRXJuNJ/", "caption": "Krav Maga is a system of evolution! We must adapt and make changes based on the ever evolving world around us. And though the objective of violence hasn’t changed since the beginning of time, the application of it has! AND we are backing it all up with psychology too! So here’s an OLD gun threat defense that you SHOULD NOT DO anymore! And if your instructor is still teaching it, I’ll bet a lot of their Krav Maga is out of date too!  If that’s the case... come see me! ⁣\n.⁣\n.⁣\n.⁣\n.⁣\n.⁣\n#kravmagalifestyle #tactical #blackbelt #muaythai #combattraining #martialartist #judo #fullcontact #selfdefense #kravmagatraining #weaponstraining #kravmagainstructor #kravmagaglobal #mma #kravmagaexperts #martialartslife #kravmagakids #kravmaga #kravmagaalliance #jiujitsu #kravmagaworldwide #vanguardkravmaga #fitness #kravmagagirl #boxing #invictusfightingsystem #invictusarmy  #becomeinvictus", "img_url": "https://scontent-ssn1-1.cdninstagram.com/v/t51.2885-15/e35/c0.236.607.607a/120371674_348771409572868_2784073432343708222_n.jpg?_nc_ht=scontent-ssn1-1.cdninstagram.com&_nc_cat=104&_nc_ohc=ZLFAo8BhuPsAX86s6mV&oh=8162d0623efc69ae00dd4e581d58a381&oe=5F726A84"}, {"key": "https://www.instagram.com/p/CFnh0P0n8jX/", "caption": "Photo by Judo San Francisco on September 26, 2020. 이미지: 사람 1명, 문구: 'Lseclation San rendiorg 道 ¡Limpieza de tatami! COSTA RICA Domingo 27 de setiembre 10:00 a.m. Plaza González Víquez'.", "img_url": "https://scontent-ssn1-1.cdninstagram.com/v/t51.2885-15/sh0.08/e35/s640x640/120123768_327492858529938_7319129420988648890_n.jpg?_nc_ht=scontent-ssn1-1.cdninstagram.com&_nc_cat=106&_nc_ohc=XEBh44ZoVNAAX8AY5Yc&oh=f305b297f8bb82063a6b6e50534a2d9f&oe=5F98BA8A"}, {"key": "https://www.instagram.com/p/CFnhv5OJIt7/", "caption": "Photo by Coby Shields in Gulf Breeze Brazilian Jiu-Jitsu. 이미지: 사람 3명, 서 있는 사람들.", "img_url": "https://scontent-ssn1-1.cdninstagram.com/v/t51.2885-15/sh0.08/e35/s640x640/120133510_677795432843311_6648998407190203135_n.jpg?_nc_ht=scontent-ssn1-1.cdninstagram.com&_nc_cat=107&_nc_ohc=k9RJ5WpX0LwAX8vKMYp&oh=b8e5b33543b8110424b671b87ecc6567&oe=5F98D813"}, {"key": "https://www.instagram.com/p/CFnhp1LJvpF/", "caption": "Photo shared by C.Nichole on September 26, 2020 tagging @pan_afrikanjudo. 이미지: 사람 3명, 서 있는 사람들, 실내.", "img_url": "https://scontent-ssn1-1.cdninstagram.com/v/t51.2885-15/e35/c236.0.608.608a/120138572_676194336339314_4069476623525464576_n.jpg?_nc_ht=scontent-ssn1-1.cdninstagram.com&_nc_cat=102&_nc_ohc=h_WbjRMvr_MAX-I7CIg&oh=d28f18ece936d88c089e9be0d320b981&oe=5F9A052C"}, {"key": "https://www.instagram.com/p/CFnhiBtpj7d/", "caption": "Photo by Resiliência 🏆🥇🐴 on September 26, 2020. 이미지: 사람 2명.", "img_url": "https://scontent-ssn1-1.cdninstagram.com/v/t51.2885-15/sh0.08/e35/s640x640/120197217_1038237819943768_7345464487949939912_n.jpg?_nc_ht=scontent-ssn1-1.cdninstagram.com&_nc_cat=104&_nc_ohc=Mn8bJYmg7ToAX_0lwXp&oh=7f6889e08293a1ee1e7f97ed9d7a0aa5&oe=5F9B2782"}, {"key": "https://www.instagram.com/p/CFnhY9wgyZI/", "caption": "@tundeajayi9 was really hyped up during the live fight of @likklemangram tonight with his 6th Rd stoppage victory 🦁🦁🦁 #likkleman #wickednbad #likklemanvssalimchiboub @wickednbaduk @bouncerplaydirty\n\n#martialarts #jiujitsu #fighter #karate #fit #knockout #champion #fighting #bodybuilding #boxeo #mixedmartialarts #judo #sports #boxingtraining #bhfyp\n#boxing #kickboxing #conormcgregor #bellator #ufc #bouncerplaydirty", "img_url": "https://scontent-ssn1-1.cdninstagram.com/v/t51.2885-15/e35/120131005_530997627745391_8733788790795779328_n.jpg?_nc_ht=scontent-ssn1-1.cdninstagram.com&_nc_cat=111&_nc_ohc=-d2cIFrjaKsAX-Z2k4R&_nc_tp=18&oh=20f0aaa969439e8c9109f00c7740d365&oe=5F71D914"}, {"key": "https://www.instagram.com/p/CFnhcjND9FI/", "caption": "Photo by D Birtch in Daniel Gracie Mainline with @danielgraciemainline, @jeffbaldwin88, @c.dienno, @lapelomancer, and @kunal.hivale. 이미지: 사람 5명, 서 있는 사람들, 실내.", "img_url": "https://scontent-ssn1-1.cdninstagram.com/v/t51.2885-15/sh0.08/e35/s640x640/120194219_462007201342728_1913557747398163295_n.jpg?_nc_ht=scontent-ssn1-1.cdninstagram.com&_nc_cat=100&_nc_ohc=qlwbc4ckOfQAX-Vx6TG&oh=347de02297fe90536de28dabedbc8a24&oe=5F982562"}, {"key": "https://www.instagram.com/p/CFnhPr1Jd_r/", "caption": "Photo by Costa Jiu-Jitsu in Fairfield, California. 이미지: 사람 2명, 서 있는 사람들, 문구: 'congrats! @CODYLEEPORRADA 1 year ago'.", "img_url": "https://scontent-ssn1-1.cdninstagram.com/v/t51.2885-15/sh0.08/e35/c0.118.1080.1080a/s640x640/120119287_421618532564859_8957973247255980581_n.jpg?_nc_ht=scontent-ssn1-1.cdninstagram.com&_nc_cat=103&_nc_ohc=l504qz2_fPwAX9_HMYJ&oh=aa9178f074699812a12b9b839e593cc9&oe=5F998E2B"}, {"key": "https://www.instagram.com/p/CFng6ctDHZ4/", "caption": "Fala professor bom de luta!\n\nComo você tem cuidado de sua imagem?\nLembre-se, você é uma marca! Você é um formador de opinião!\n\n✔Sua postura reflete a imagem que você deseja passar sobre si mesmo?\n\n✔Seus comentários trazem uma visão otimista para seus alunos/clientes? \n\n✔Você se envolve em  polêmicas nas midias sociais?\n\n✔Sua comunicação é assertiva para seu público-alvo?\n\n✔Pense e reflita! \n\n✔Baixe meu e-book exclusivo e gratuito: \" 10 Lições que as Artes marciais me ensinaram \". Acesse o link em minha bio🔝\n\n#10lições #e-book #aprendizado #propósito #professor #lutas #artesmarciais #jiujitsu #bjj #judo #muaythai #kickboxing  #esportesdecombate #fe #foco #atitude  #paixão #desejo #decisão  #dedicação  #determinação #reflexão #carlaobarretooficial #resiliência #mindset #sabedoria #humildade #maisquevencedores \n#jesusmeusalvador #allglorytogod", "img_url": "https://scontent-ssn1-1.cdninstagram.com/v/t51.2885-15/sh0.08/e35/s640x640/120204512_174804137449487_991015726013319116_n.jpg?_nc_ht=scontent-ssn1-1.cdninstagram.com&_nc_cat=111&_nc_ohc=yeteD3fnDdcAX-_h5gH&oh=9a24a691db6fffb546915d1a9ba753b0&oe=5F726BC0"}, {"key": "https://www.instagram.com/p/CFng7DUJ-2U/", "caption": "Photo by @cage.sidemma on September 26, 2020. 이미지: 사람 22명.", "img_url": "https://scontent-ssn1-1.cdninstagram.com/v/t51.2885-15/sh0.08/e35/s640x640/120242828_780853245982098_223434465171019319_n.jpg?_nc_ht=scontent-ssn1-1.cdninstagram.com&_nc_cat=106&_nc_ohc=kwjhpGvVMfIAX9v5IV0&oh=d3540cbc103481e3e1df03b3bc3ff01c&oe=5F986190"}, {"key": "https://www.instagram.com/p/CFng6SZpJq3/", "caption": "Photo by MMA Forum in Manchester, United Kingdom. 이미지: 사람 1명.", "img_url": "https://scontent-ssn1-1.cdninstagram.com/v/t51.2885-15/sh0.08/e35/c198.0.727.727a/s640x640/120115430_1018000405333557_1887275320838323828_n.jpg?_nc_ht=scontent-ssn1-1.cdninstagram.com&_nc_cat=109&_nc_ohc=6PJf2H5--f0AX8ZCkrt&oh=d1e916de1b074efc769cd8e3b3c4f1f5&oe=5F9B425D"}, {"key": "https://www.instagram.com/p/CFng5VjjF1D/", "caption": "Photo by MMA Fight Store on September 26, 2020. 이미지: 사람 1명, 문구: 'ITUL SU Cortesia: Pablo Lozano CLETD REYES'.", "img_url": "https://scontent-ssn1-1.cdninstagram.com/v/t51.2885-15/sh0.08/e35/s640x640/120128675_259168518627553_8874108736527261569_n.jpg?_nc_ht=scontent-ssn1-1.cdninstagram.com&_nc_cat=101&_nc_ohc=26ggKfq953gAX8Tz_Qi&oh=dd9ab4ce92f74b6d2bf6b0c351cd5e67&oe=5F97E6BC"}, {"key": "https://www.instagram.com/p/CFngqwcJQi9/", "caption": "Photo shared by B on September 26, 2020 tagging @masteroftheflyingguillotine, and @limitlessacademyofjiujitsu. 이미지: 사람 1명, 서 있음, 실내, 문구: 'LIMITLESS ACADEMY'.", "img_url": "https://scontent-ssn1-1.cdninstagram.com/v/t51.2885-15/sh0.08/e35/c240.0.960.960a/s640x640/120132642_2686409878275718_5280325849781573664_n.jpg?_nc_ht=scontent-ssn1-1.cdninstagram.com&_nc_cat=110&_nc_ohc=dKsHw4H5v8gAX9gnCkm&oh=f7a62ca84f4c2718b5ec14960f2f72d6&oe=5F98E190"}, {"key": "https://www.instagram.com/p/CFnglcrHN0-/", "caption": "#judo #judovine #judokas #judoteam #judovideo #judo2019 #judotime #judotechniques #judolove #powerful #judothrow #judouzbekistan #kazjudoteam #japanese #judokan #judolife #judoboy #judofamily #judostyle #judomylife #judo❤ #judo4life #judoislife #mma #柔道\n#followforfollowback #liketime", "img_url": "https://scontent-ssn1-1.cdninstagram.com/v/t51.2885-15/sh0.08/e35/s640x640/120205047_246566963432667_5164128001503293664_n.jpg?_nc_ht=scontent-ssn1-1.cdninstagram.com&_nc_cat=103&_nc_ohc=Eg6Bqoj6tMUAX_6xjnK&oh=b64af50374d4bac4492c7f770863e790&oe=5F720D79"}, {"key": "https://www.instagram.com/p/CFngiDDlKQL/", "caption": "Photo by Osmanov A.M. in Poiana Brasov. 이미지: 사람 1명, 서 있음, 농구장, 실내.", "img_url": "https://scontent-ssn1-1.cdninstagram.com/v/t51.2885-15/sh0.08/e35/s640x640/120156464_130998615376037_3967750840754332563_n.jpg?_nc_ht=scontent-ssn1-1.cdninstagram.com&_nc_cat=105&_nc_ohc=Dhl4AGd-na4AX9RGXGA&oh=53d603ec05f7c5a12b518e4cb58b38c1&oe=5F9787B9"}, {"key": "https://www.instagram.com/p/CFngKzIHpXb/", "caption": "Some action game style choreography, multiple enemies. I'm  testing out my camera and angles. Better videos coming\n\n#martialarts #sidekick #taekwondo #muaythai #mma #brucelee #gym #fitness #workout #fighting #actionmovie #judo #mensfashion #mensstyleguide #mensmodel #", "img_url": "https://scontent-ssn1-1.cdninstagram.com/v/t51.2885-15/e35/c157.0.406.406a/120138431_610772389616701_6643370484004148460_n.jpg?_nc_ht=scontent-ssn1-1.cdninstagram.com&_nc_cat=101&_nc_ohc=JrbT6gWqwDwAX9i5nG5&oh=3cda85c53b47c28b7adda5ab8ab0d35c&oe=5F721CCE"}]