[{"key": "https://www.instagram.com/p/CFmvxGrge-5/", "caption": "Photo by Sushi Sazón Delivery on September 26, 2020. 이미지: 사람 2명, 음식.", "img_url": "https://scontent-ssn1-1.cdninstagram.com/v/t51.2885-15/sh0.08/e35/s640x640/120141169_122198942727006_6828499652944284302_n.jpg?_nc_ht=scontent-ssn1-1.cdninstagram.com&_nc_cat=106&_nc_ohc=E7fX8Vm9mMIAX-9D4Bj&oh=12a2586446792e15a306e61e64e6a60f&oe=5F997CE8"}, {"key": "https://www.instagram.com/p/CFmjymqp73C/", "caption": "Photo by Jonatan Lopes in Taubaté. 이미지: 음식.", "img_url": "https://scontent-ssn1-1.cdninstagram.com/v/t51.2885-15/sh0.08/e35/s640x640/120092088_905628296511611_402610143531817115_n.jpg?_nc_ht=scontent-ssn1-1.cdninstagram.com&_nc_cat=111&_nc_ohc=MMUV4tcvS5AAX-Z1gCK&oh=5bb926d442bcb95e9bf3727a0b70eb6a&oe=5F98CA8E"}, {"key": "https://www.instagram.com/p/CFmjstYJbTh/", "caption": "Photo by Jonatan Lopes in Taubaté. 이미지: 초밥, 음식.", "img_url": "https://scontent-ssn1-1.cdninstagram.com/v/t51.2885-15/sh0.08/e35/s640x640/120138998_1202906353420504_5727229250665577388_n.jpg?_nc_ht=scontent-ssn1-1.cdninstagram.com&_nc_cat=104&_nc_ohc=ap8fJmJt1oYAX_JOmDz&oh=ed73283a3f38e2168f8ce4451be0efd5&oe=5F975E4C"}, {"key": "https://www.instagram.com/p/CFnFydeB1mn/", "caption": "Photo by Sushi a partir de R$ 1 on September 26, 2020. 이미지: 초밥, 음식.", "img_url": "https://scontent-ssn1-1.cdninstagram.com/v/t51.2885-15/sh0.08/e35/s640x640/120134703_644705823150410_5850179183640412066_n.jpg?_nc_ht=scontent-ssn1-1.cdninstagram.com&_nc_cat=102&_nc_ohc=jslmOq3M0JEAX-zpj0q&oh=dedaf4e703e4c7d8f5023043e6029b9b&oe=5F98149D"}, {"key": "https://www.instagram.com/p/CFmucXmBIMD/", "caption": "Photo by Sushi & Cebiches Venezuela in Maracay, Aragua. 이미지: 음식.", "img_url": "https://scontent-ssn1-1.cdninstagram.com/v/t51.2885-15/sh0.08/e35/c0.88.1440.1440a/s640x640/120134039_352834612750803_5244722312554462225_n.jpg?_nc_ht=scontent-ssn1-1.cdninstagram.com&_nc_cat=103&_nc_ohc=TJSduGz5UOEAX8Xg5dC&oh=2194001089243e1d2024ce8788715a42&oe=5F9A1766"}, {"key": "https://www.instagram.com/p/CFmd_T3oSRd/", "caption": "Photo by LeRicetteDellaNutrizionista in Studio di Dietetica e Nutrizione clinica - Dott.ssa Anna Luisa Monaco. 이미지: 사람 1명, 서 있음, 실내.", "img_url": "https://scontent-ssn1-1.cdninstagram.com/v/t51.2885-15/sh0.08/e35/c0.129.1034.1034a/s640x640/120203609_3244182175667581_5808939480092720244_n.jpg?_nc_ht=scontent-ssn1-1.cdninstagram.com&_nc_cat=101&_nc_ohc=GHKrp74ddDwAX_wT8lv&oh=e4b7970fbba52ab8153a9784e4115551&oe=5F98D10C"}, {"key": "https://www.instagram.com/p/CFmezVUFZKL/", "caption": "Photo by Суши🍣 Пицца🍕 Уральск in Oral, Kazakhstan. 이미지: 사람 1명, 음식.", "img_url": "https://scontent-ssn1-1.cdninstagram.com/v/t51.2885-15/sh0.08/e35/c0.125.1000.1000a/s640x640/120200471_836978896867274_1800862854559492641_n.jpg?_nc_ht=scontent-ssn1-1.cdninstagram.com&_nc_cat=102&_nc_ohc=eT91dwEuh9wAX8RPxY5&oh=37f4d56b060dd8044d39794ddd59ddd7&oe=5F97C292"}, {"key": "https://www.instagram.com/p/CFmow_yH5xI/", "caption": "Photo by Kai Sushi Bar in Kai Sushi Bar El Viñedo. 이미지: 사람 1명, 음식.", "img_url": "https://scontent-ssn1-1.cdninstagram.com/v/t51.2885-15/sh0.08/e35/c0.180.1440.1440a/s640x640/120192351_153201013122782_6102706185083884522_n.jpg?_nc_ht=scontent-ssn1-1.cdninstagram.com&_nc_cat=102&_nc_ohc=0aRDONNIG7IAX_eTCaU&oh=f7b39467ca86759e931b601df167da4c&oe=5F983330"}, {"key": "https://www.instagram.com/p/CFnfQLdhq5H/", "caption": "Photo by QUANTO CUSTA COMER BEM in Izumi Sushi - Guarulhos with @izumisushiguarulhos. 이미지: 음식, 문구: 'FOTO OFICIAL'.", "img_url": "https://scontent-ssn1-1.cdninstagram.com/v/t51.2885-15/sh0.08/e35/s640x640/120202238_636604723909809_4270480618001312880_n.jpg?_nc_ht=scontent-ssn1-1.cdninstagram.com&_nc_cat=109&_nc_ohc=sirbgI7zr-8AX-ff_i-&oh=021a19df0a503b6311bb51b91c13da2d&oe=5F9B06AB"}, {"key": "https://www.instagram.com/p/CFnilbWAcNa/", "caption": "Photo by 【寿司の虎】🇯🇵 2019.7.12 start！！ on September 26, 2020. 이미지: 음식.", "img_url": "https://scontent-ssn1-1.cdninstagram.com/v/t51.2885-15/sh0.08/e35/s640x640/120136980_656387261958520_1883055306747745165_n.jpg?_nc_ht=scontent-ssn1-1.cdninstagram.com&_nc_cat=104&_nc_ohc=0NhNFfB8fgUAX8Qk9BX&oh=8c44f2f425be8c56a8356f62630a67a8&oe=5F9AE11E"}, {"key": "https://www.instagram.com/p/CFnikr_gN_S/", "caption": "Photo by Chocopedia on September 26, 2020. 이미지: 음식.", "img_url": "https://scontent-ssn1-1.cdninstagram.com/v/t51.2885-15/e35/c123.0.512.512a/120275728_392185205130029_2549662547028878796_n.jpg?_nc_ht=scontent-ssn1-1.cdninstagram.com&_nc_cat=105&_nc_ohc=VqDxc4bdxwQAX-usJTx&oh=803df66c14dbfd4880eb7ecdcb6fc801&oe=5F98C619"}, {"key": "https://www.instagram.com/p/CFnijv5jN1G/", "caption": "Photo by Tracey Larsen Shaw on September 26, 2020. 이미지: 사람 1명, 음식.", "img_url": "https://scontent-ssn1-1.cdninstagram.com/v/t51.2885-15/sh0.08/e35/s640x640/120199204_173043927733801_3918560344405785015_n.jpg?_nc_ht=scontent-ssn1-1.cdninstagram.com&_nc_cat=101&_nc_ohc=WOMjt87iWGAAX-TewsX&oh=5eb9f3e5c47d8e2c5628f9e1048cee2d&oe=5F9B3855"}, {"key": "https://www.instagram.com/p/CFnijn1ne00/", "caption": "Photo by YAMAZAKI on September 26, 2020. 이미지: 음식, 문구: 'YAML ZAKT COMIDAJAPONESA Sorteio 2 BARCAS DE SUSHI MARQUE2 AMIGOS PUBL PUBLIQUE NOS STORIES CURTAESSE POST Faça seu pedido 69 9 92887606'.", "img_url": "https://scontent-ssn1-1.cdninstagram.com/v/t51.2885-15/sh0.08/e35/c0.179.1440.1440a/s640x640/120197849_1140034059732169_4827588489407900167_n.jpg?_nc_ht=scontent-ssn1-1.cdninstagram.com&_nc_cat=101&_nc_ohc=CRYZ2shukfEAX-w1_R4&oh=2df381230a5ffeefd587dbcac3322333&oe=5F98B1BC"}, {"key": "https://www.instagram.com/p/CFniiqDHFpk/", "caption": "Photo by Sushiwa on September 26, 2020. 이미지: 음식.", "img_url": "https://scontent-ssn1-1.cdninstagram.com/v/t51.2885-15/sh0.08/e35/c4.0.1432.1432a/s640x640/120204511_1001004690323597_5001593109441781338_n.jpg?_nc_ht=scontent-ssn1-1.cdninstagram.com&_nc_cat=105&_nc_ohc=etbR7qaGnMgAX-nW_9A&oh=4308dc3cb0ed698c70243906997b99e4&oe=5F987496"}, {"key": "https://www.instagram.com/p/CFniiaCnRAV/", "caption": "Photo by Sapporo Sushi & Grill in Sapporo Sushi & Grill with @sapporosushi.grill. 이미지: 문구: '상뽀로 SAPPORO SUSHI&GRILL Indoor Indoor&aio & dining is open Order on www.sapporosushi.us 714-670-7776'.", "img_url": "https://scontent-ssn1-1.cdninstagram.com/v/t51.2885-15/sh0.08/e35/s640x640/120164489_152308953203544_3168962038345927275_n.jpg?_nc_ht=scontent-ssn1-1.cdninstagram.com&_nc_cat=100&_nc_ohc=Njhgr91VmvUAX-NRHPG&oh=72f0738b5dbba466bc4ef2ce06c84151&oe=5F9ACCA9"}, {"key": "https://www.instagram.com/p/CFnihybHEal/", "caption": "Photo by ORIGAME SUSHI ROLLS DELIVERY on September 26, 2020. 이미지: 문구: 'Combo Hot Origame (15, 30 ou 50 peças) Opções: Hot Cebolinha Hot Doritos Hot Batata Crispy Hot Couve Crispy Hot Filadélfia Hot Geléia de Amora Hot Geléia de Maracujá Hot Geléia de Pimenta Hot Pimenta Biquinho'.", "img_url": "https://scontent-ssn1-1.cdninstagram.com/v/t51.2885-15/sh0.08/e35/s640x640/120134830_2718497421718436_8497360561723139093_n.jpg?_nc_ht=scontent-ssn1-1.cdninstagram.com&_nc_cat=108&_nc_ohc=VITSTu-AF4kAX_QjWG2&oh=55149a591bd03d8d67cd5337b3d410c2&oe=5F97B4C2"}, {"key": "https://www.instagram.com/p/CFnihrho_sy/", "caption": "Photo shared by Lara Labardi on September 26, 2020 tagging @manuela.rondoni, @valevalex81, @fraval77, and @laura.cesaroni. 이미지: 앉아 있는 사람들, 테이블, 초밥, 음식, 실내.", "img_url": "https://scontent-ssn1-1.cdninstagram.com/v/t51.2885-15/sh0.08/e35/s640x640/120141294_420760855564181_9134083171318240302_n.jpg?_nc_ht=scontent-ssn1-1.cdninstagram.com&_nc_cat=105&_nc_ohc=qMuhmktF4Q8AX9TbvKg&oh=820fbe20980c6a97ca8cafff091bda96&oe=5F9AEF68"}, {"key": "https://www.instagram.com/p/CFnihEcBj0c/", "caption": "Photo by Red Sake Sushi Bar in Red Sake. 이미지: 음식.", "img_url": "https://scontent-ssn1-1.cdninstagram.com/v/t51.2885-15/sh0.08/e35/s640x640/120199226_153648949742472_68158569120138635_n.jpg?_nc_ht=scontent-ssn1-1.cdninstagram.com&_nc_cat=100&_nc_ohc=RQiDr6yTm4EAX-bC_Bc&oh=ab59a2caa3a875d5d44da5fc0d8b7a9e&oe=5F998F16"}, {"key": "https://www.instagram.com/p/CFnigjmlZgo/", "caption": "Photo by Samurai Sushi Contemporaneo in Lagoa Santa, Minas Gerais. 이미지: 사람 2명, 음식.", "img_url": "https://scontent-ssn1-1.cdninstagram.com/v/t51.2885-15/sh0.08/e35/s640x640/120136271_352999162414542_3726865365206439077_n.jpg?_nc_ht=scontent-ssn1-1.cdninstagram.com&_nc_cat=106&_nc_ohc=4Xk0LyhQXFMAX9mulow&oh=4c83753cf97a8c3d9d9f6b20d3cd5a9b&oe=5F97A608"}, {"key": "https://www.instagram.com/p/CFnid-3jU53/", "caption": "Photo shared by Christina DiFeo Petrella on September 26, 2020 tagging @allclad, @marthastewart, @lundbergfarms, @yellowbirdsauce, @thekitchn, @thefeedfeed, @globalcutleryusa, @nadiyajhussain, @gimmegrams, @littlesilverfishcompany, and @bbcfood. 이미지: 음식.", "img_url": "https://scontent-ssn1-1.cdninstagram.com/v/t51.2885-15/sh0.08/e35/s640x640/120200473_685661968966963_1424384332377115808_n.jpg?_nc_ht=scontent-ssn1-1.cdninstagram.com&_nc_cat=107&_nc_ohc=M8T9OvARbToAX9iCZUy&oh=822f7809bd782dc3d5e184ed04d87541&oe=5F9987AE"}, {"key": "https://www.instagram.com/p/CFnidRGHD_R/", "caption": "Photo by Richard Ian Preston 🇬🇧 in Prestonstudio. 이미지: 음식.", "img_url": "https://scontent-ssn1-1.cdninstagram.com/v/t51.2885-15/sh0.08/e35/c0.180.1440.1440a/s640x640/120210670_2729907720618999_7572949130538637254_n.jpg?_nc_ht=scontent-ssn1-1.cdninstagram.com&_nc_cat=103&_nc_ohc=kG939gER7mAAX8RSvYX&oh=06d1823a5020e80ca334903681129cb0&oe=5F991F3F"}, {"key": "https://www.instagram.com/p/CFnib9FnKMU/", "caption": "Este sábado ideal para pedir un Chi-mi Chizu (camarón furay, salmón, palta envuelto en queso crema y chimichurri oriental. #sushi #sushilovers🍣 #sushitime🍣 #sushidelivery #sashimi #salmon #healthyfood #deliveryfood #deliveryñuñoa #deliveryprovidencia #sushivegano #veganofood", "img_url": "https://scontent-ssn1-1.cdninstagram.com/v/t51.2885-15/sh0.08/e35/s640x640/120245452_176186424128548_536633132424672020_n.jpg?_nc_ht=scontent-ssn1-1.cdninstagram.com&_nc_cat=104&_nc_ohc=021Ep9f8posAX-gHMF3&oh=e00bf355a59535bcae89ba10190a06e0&oe=5F71EFAA"}, {"key": "https://www.instagram.com/p/CFnibaclCdr/", "caption": "Photo by sushi no grau on September 26, 2020. 이미지: 문구: 'SUSHI NO GRAU Delivery PROMOÇAO DA SEMANA 12 HOT ROLL TEMAKI SKIN R$ 9'99 R$ 800 8 00 DELIVERY: 13 98127-1336'.", "img_url": "https://scontent-ssn1-1.cdninstagram.com/v/t51.2885-15/sh0.08/e35/c0.104.830.830a/s640x640/120258743_628890164460703_572226558216304059_n.jpg?_nc_ht=scontent-ssn1-1.cdninstagram.com&_nc_cat=107&_nc_ohc=NxqROwkQ834AX-48R4U&oh=a18daec3f8e6d989edac74b6be2d3403&oe=5F98E06F"}, {"key": "https://www.instagram.com/p/CFniYAiDTYl/", "caption": "Photo shared by Jordy on September 26, 2020 tagging @screamingtuna. 이미지: 음식.", "img_url": "https://scontent-ssn1-1.cdninstagram.com/v/t51.2885-15/sh0.08/e35/s640x640/120220428_1099840127135152_3231489819126796036_n.jpg?_nc_ht=scontent-ssn1-1.cdninstagram.com&_nc_cat=104&_nc_ohc=dk7MFuyaUmgAX_yIVKA&oh=4881cfc0635dd0e4a2322430244f3268&oe=5F9A53C7"}, {"key": "https://www.instagram.com/p/CFniVF0Juo-/", "caption": "Photo by kappo in KAPPO sushi bar with @jorge354380, and @yeny0331. 이미지: 음식.", "img_url": "https://scontent-ssn1-1.cdninstagram.com/v/t51.2885-15/sh0.08/e35/c304.0.832.832a/s640x640/120144944_2649010912081133_7260203209345496958_n.jpg?_nc_ht=scontent-ssn1-1.cdninstagram.com&_nc_cat=105&_nc_ohc=94N8o3qB0sYAX9z654B&oh=20a389c957d7132ba5ad91fd7f78317d&oe=5F9AEA2F"}, {"key": "https://www.instagram.com/p/CFniUuXJzIS/", "caption": "Photo by Juan Martin Insua on September 26, 2020. 이미지: 테이블.", "img_url": "https://scontent-ssn1-1.cdninstagram.com/v/t51.2885-15/sh0.08/e35/s640x640/120141575_965155510638573_7867745320784289202_n.jpg?_nc_ht=scontent-ssn1-1.cdninstagram.com&_nc_cat=109&_nc_ohc=bcCUPXtRCgEAX-8PZTU&oh=463c3bd311a8b4d26330015c5f9c00f5&oe=5F9A2E40"}, {"key": "https://www.instagram.com/p/CFniT3jBIxY/", "caption": "Photo by Tsunami Restaurant & Sushi Bar on September 26, 2020. 이미지: 초밥, 테이블, 음식, 실내.", "img_url": "https://scontent-ssn1-1.cdninstagram.com/v/t51.2885-15/sh0.08/e35/c0.97.1440.1440a/s640x640/120133640_333411141102886_1265888903326244866_n.jpg?_nc_ht=scontent-ssn1-1.cdninstagram.com&_nc_cat=110&_nc_ohc=-AO9E9oMfZQAX8SrHr1&oh=4c71a23aca3241e7c19da7b486825f52&oe=5F9960FE"}, {"key": "https://www.instagram.com/p/CFniSpMBsi0/", "caption": "Photo by Toshi Sushi on September 26, 2020. 이미지: 음식, 문구: '$4.75/1 UNI 75/1 PIECE $3.95 SALE'.", "img_url": "https://scontent-ssn1-1.cdninstagram.com/v/t51.2885-15/sh0.08/e35/c0.117.937.937a/s640x640/120263365_254085709409748_4776182683656476603_n.jpg?_nc_ht=scontent-ssn1-1.cdninstagram.com&_nc_cat=100&_nc_ohc=Sbk9SFyDFysAX_DZEBZ&oh=1073ce429ee316db6a3f95c926415872&oe=5F997CAF"}, {"key": "https://www.instagram.com/p/CFniPs3JyuX/", "caption": "⛩ As melhores sobremesas você encontra no Nikkei !\n.\n@nikkeisushifjp \n.\n🚗Alameda Rio Negro 1030, Lobby principal do ConfortSuit Radson.\n⚠️Estacionamento No Local\n.\n🐟 www.nikkeisushifusion.com.br\n.\n#sushi #saopaulo #alphaville #barueri #osasco #comidajaponesa #poke #japones #hotroll #nigiri #sashimi #delivery", "img_url": "https://scontent-ssn1-1.cdninstagram.com/v/t51.2885-15/sh0.08/e35/s640x640/120195607_634594660781202_6851727844609070967_n.jpg?_nc_ht=scontent-ssn1-1.cdninstagram.com&_nc_cat=106&_nc_ohc=HfZxUvgmSdUAX-pOFPZ&oh=dc4acc73b83d23e0699e4f1e5c5561f3&oe=5F724C78"}, {"key": "https://www.instagram.com/p/CFniN3dBFR9/", "caption": "Photo by @arumisushi on September 26, 2020. 이미지: 초밥, 음식, 문구: 'SABADO sushi! Arumi ARUMISUSHI'.", "img_url": "https://scontent-ssn1-1.cdninstagram.com/v/t51.2885-15/sh0.08/e35/s640x640/120045446_119512499896888_994077590789023501_n.jpg?_nc_ht=scontent-ssn1-1.cdninstagram.com&_nc_cat=104&_nc_ohc=Bhz4g4frddMAX9rhoW6&oh=b20aea02774ac254f69c65b53a42c92f&oe=5F9AE9CD"}]